geocode,lat,long,drop_4balance
1700251,-9.4804141,-49.309888,0
1700301,-6.4876523,-47.513386,0
1700350,-11.332169,-48.908194,0
1700400,-11.430057,-47.21041,0
1700707,-12.408493,-49.112914,0
1701002,-6.2555316,-48.023998,0
1701051,-6.4204684,-47.901257,0
1701101,-9.9878923,-48.000685,0
1701309,-7.1020524,-48.519112,0
1701903,-8.9400565,-49.504683,0
1702000,-12.841147,-49.696348,0
1702109,-7.3379216,-48.302183,0
1702158,-6.9196243,-48.403334,0
1702208,-5.740486,-48.001225,0
1702406,-12.81866,-47.04786,0
1702554,-5.4981796,-47.929068,0
1702703,-12.642368,-46.418694,0
1702901,-5.6456446,-47.766383,0
1703008,-7.1748585,-47.855767,0
1703057,-7.7777228,-48.601423,0
1703073,-7.7173953,-47.578546,0
1703107,-9.8689816,-48.791669,0
1703305,-9.012759,-47.879216,0
1703602,-8.2865474,-48.420252,0
1703701,-11.029413,-48.625075,0
1703800,-5.3387335,-48.104384,0
1703826,-6.0904451,-47.841499,0
1703842,-8.2034929,-46.80441,0
1703867,-11.933947,-49.203199,0
1703883,-7.0402523,-48.380832,0
1703891,-5.3364784,-48.010688,0
1703909,-9.4004072,-49.848113,0
1704105,-9.0740485,-47.444986,0
1704600,-10.165678,-49.196355,0
1705102,-11.541775,-47.846161,0
1705508,-8.0506021,-48.504834,0
1705557,-12.84653,-46.503685,0
1705607,-12.169341,-47.303484,0
1706001,-8.4696576,-49.184049,0
1706100,-10.637097,-49.31316,0
1706258,-11.172635,-49.073923,0
1706506,-6.7734468,-47.74946,0
1707009,-11.700228,-46.808934,0
1707108,-9.6948456,-49.354832,0
1707207,-9.2725378,-49.070188,0
1707306,-11.428519,-49.390747,0
1707553,-10.809468,-48.874541,0
1707652,-12.264272,-49.283119,0
1707702,-7.4968452,-47.79386,0
1708205,-11.958999,-50.098113,0
1708254,-9.0743245,-48.501576,0
1708304,-8.8583143,-49.028531,0
1709005,-8.0937717,-47.481186,0
1709302,-8.7168792,-48.351787,0
1709500,-11.65206,-48.886641,0
1709807,-11.136175,-48.404196,0
1710508,-8.5712598,-47.669023,0
1710706,-5.8037582,-47.596597,0
1710904,-8.3164817,-48.033026,0
1711506,-12.748159,-48.645919,0
1711803,-8.2270776,-49.17316,0
1711902,-11.036066,-50.160444,0
1711951,-10.342014,-47.481602,0
1712009,-9.8485151,-48.290079,0
1712157,-12.820308,-46.394839,0
1712405,-9.5253595,-46.938856,0
1712454,-6.206364,-47.830448,0
1712504,-9.7876427,-49.699889,0
1712702,-10.576166,-46.501214,0
1712801,-6.0242718,-47.589751,0
1713205,-9.7540268,-48.551379,0
1713304,-9.4268358,-48.681293,0
1713601,-10.748399,-48.017263,0
1713700,-10.000652,-49.067033,0
1713809,-6.599772,-47.642551,0
1713957,-7.1288498,-48.604404,0
1714203,-11.798493,-47.648959,0
1714302,-6.3303926,-47.781088,0
1714880,-7.6627093,-48.33448,0
1715002,-10.549605,-48.974569,0
1715101,-10.155582,-47.383159,0
1715150,-12.914225,-46.559866,0
1715259,-11.771222,-46.550335,0
1715507,-10.67409,-48.877091,0
1715705,-7.8863729,-48.155905,0
1715754,-13.019541,-48.348843,0
1716109,-10.221095,-48.826202,0
1716208,-12.695705,-47.812162,0
1716307,-7.6194248,-48.581115,0
1716505,-9.2273169,-48.034185,0
1716604,-11.996696,-48.555247,0
1716653,-8.6140235,-48.989453,0
1716703,-8.7441578,-48.847619,0
1717008,-11.159955,-47.559191,0
1717206,-6.801961,-48.314021,0
1717503,-10.210285,-49.872651,0
1717800,-12.052399,-46.579243,0
1717909,-10.751919,-47.327894,0
1718006,-11.511716,-47.04677,0
1718204,-10.544352,-48.496692,0
1718303,-5.4724601,-47.783563,0
1718402,-8.4690091,-48.407054,0
1718451,-10.422593,-48.883318,0
1718501,-8.6972665,-47.113068,0
1718550,-6.4435109,-47.988446,0
1718659,-11.34071,-46.748246,0
1718709,-9.2361233,-48.451998,0
1718758,-9.6478071,-47.496249,0
1718808,-5.3339383,-47.917982,0
1718840,-12.402101,-49.876174,0
1718881,-8.824439,-47.848297,0
1718899,-10.971006,-49.295645,0
1718907,-11.398407,-48.10843,0
1719004,-10.299363,-47.741807,0
1720002,-6.4721842,-47.750332,0
1720101,-5.968097,-47.919959,0
1720150,-10.068905,-46.678425,0
1720200,-5.54259,-47.595364,0
1720259,-12.577958,-48.365167,0
1720499,-11.804202,-48.170553,0
1720655,-11.132116,-48.007509,0
1720804,-5.6298958,-47.686444,0
1720853,-12.113452,-48.834937,0
1720903,-12.387065,-46.55579,0
1720937,-12.140049,-46.994629,0
1720978,-12.682968,-49.048335,0
1721000,-10.218484,-48.153757,0
1721109,-9.6030807,-48.140379,0
1721208,-6.2571512,-47.537584,0
1721257,-8.9382995,-48.259403,0
1721307,-8.3568052,-48.210896,0
1722081,-6.929528,-47.93684,0
1722107,-6.8227016,-48.37642,0
2100105,-4.2147901,-43.29743,0
2100154,-2.9469734,-42.166358,0
2100303,-4.5027456,-43.383464,0
2100436,-4.2093325,-44.393545,0
2100501,-9.5084055,-46.213151,0
2100600,-5.5536416,-46.668437,0
2100808,-3.5438749,-43.107941,0
2100907,-2.9757896,-42.040433,0
2100956,-4.9595111,-45.604148,0
2101004,-3.6782263,-44.630953,0
2101202,-4.1916011,-44.616322,0
2101400,-8.2376214,-46.34273,0
2101509,-6.5447437,-43.136506,0
2101608,-5.5042925,-45.183333,0
2101707,-2.8412767,-42.911335,0
2101731,-3.101334,-43.462332,0
2101806,-7.1203319,-44.568278,0
2101939,-4.6795602,-44.688251,0
2102101,-3.6866181,-42.82868,0
2102150,-4.4722368,-45.611487,0
2102200,-3.8918383,-43.03661,0
2102309,-5.7891681,-43.830508,0
2102358,-5.5233705,-47.060679,0
2102374,-3.1280153,-43.897442,0
2102556,-6.1761257,-47.263986,0
2102705,-3.6216116,-44.26269,0
2102754,-4.6821685,-44.306207,0
2102804,-7.3732589,-47.202721,0
2103000,-4.8666853,-43.299588,0
2103208,-3.8487561,-43.453841,0
2103257,-5.3113527,-47.858433,0
2103307,-4.6072416,-43.885988,0
2103406,-4.248054,-43.112166,0
2103505,-6.0556598,-44.181618,0
2103554,-3.8409999,-44.612161,0
2103604,-4.102201,-44.145312,0
2103752,-5.5984746,-47.299858,0
2103802,-5.0212807,-44.397097,0
2103901,-4.0992914,-43.009813,0
2104008,-4.8990998,-44.890568,0
2104057,-6.7824949,-47.201269,0
2104073,-6.9975255,-46.624734,0
2104081,-6.1737991,-45.306178,0
2104099,-6.5142054,-46.186257,0
2104107,-6.9418555,-46.081928,0
2104206,-5.6683779,-44.029562,0
2104404,-5.1522553,-44.172001,0
2104503,-4.9994977,-44.221502,0
2104552,-5.7184851,-47.324764,0
2104602,-5.3852511,-44.06724,0
2104628,-5.5371715,-44.093309,0
2104701,-5.4148024,-44.31812,0
2104800,-5.883331,-45.999702,0
2105005,-2.7284865,-43.55886,0
2105104,-2.7206975,-43.799613,0
2105203,-4.5859197,-44.819564,0
2105302,-5.3948642,-47.545671,0
2105351,-5.1846825,-45.67054,0
2105401,-3.4204361,-44.273248,0
2105450,-5.8522221,-44.294206,0
2105476,-5.391206,-45.575801,0
2105500,-5.3800652,-47.373627,0
2105609,-5.0159848,-44.75542,0
2105708,-4.7770729,-45.219286,0
2105807,-4.5512768,-44.989669,0
2105922,-6.0352362,-43.508524,0
2105948,-4.5886048,-44.930918,0
2105963,-4.9297099,-45.403033,0
2105989,-6.1038973,-46.924584,0
2106003,-4.5568964,-44.464742,0
2106102,-7.2206588,-45.219808,0
2106300,-3.2833261,-42.186071,0
2106359,-4.7196686,-45.516654,0
2106409,-3.6259001,-43.227349,0
2106607,-5.3791367,-43.318179,0
2106631,-3.7566784,-44.4778,0
2106672,-3.4965008,-42.795205,0
2106706,-6.4539884,-44.951086,0
2106755,-3.5403245,-44.496061,0
2107001,-5.8581256,-47.041394,0
2107100,-2.9822589,-43.76234,0
2107209,-3.4290567,-43.81303,0
2107258,-7.1443115,-46.26452,0
2107308,-6.7496077,-44.039774,0
2107704,-6.4037871,-43.923991,0
2107803,-5.6202336,-43.509314,0
2107902,-6.152674,-43.758373,0
2108009,-6.6322294,-44.180666,0
2108058,-2.8547998,-42.611054,0
2108108,-4.565518,-45.490995,0
2108207,-4.6182469,-44.581327,0
2108454,-4.4198447,-44.281182,0
2108801,-3.7828609,-44.172594,0
2108900,-4.7868291,-44.911837,0
2109007,-6.3688676,-47.180172,0
2109106,-5.2830754,-44.457093,0
2109304,-3.3479403,-43.953518,0
2109403,-2.7155155,-43.361211,0
2109502,-7.5977567,-46.652319,0
2109551,-5.9611546,-47.313645,0
2109700,-7.4318334,-45.556269,0
2109759,-5.5189726,-44.618508,0
2110104,-3.3422177,-42.886319,0
2110203,-3.2552724,-44.193449,0
2110237,-3.1972227,-42.614702,0
2110278,-2.623836,-43.184224,0
2110302,-4.8264079,-44.481161,0
2110401,-3.3753238,-43.618455,0
2110609,-3.2898781,-42.412022,0
2110658,-6.8332896,-44.617328,0
2110708,-5.6382204,-44.336556,0
2110807,-7.0918589,-44.88344,0
2110906,-6.2845051,-43.077055,0
2111052,-6.4636791,-46.900671,0
2111078,-5.0401761,-43.766643,0
2111102,-6.5549792,-43.64186,0
2111250,-5.0399417,-44.568303,0
2111409,-4.377224,-44.616579,0
2111508,-3.9843927,-44.503193,0
2111573,-6.8195798,-46.707363,0
2111607,-7.0136703,-45.69093,0
2111631,-5.0896715,-45.146213,0
2111672,-5.0189565,-45.034555,0
2111748,-5.2610456,-43.984649,0
2111763,-5.4635246,-47.269348,0
2111805,-6.2278654,-46.595578,0
2111904,-6.5098587,-44.339004,0
2111953,-6.3909504,-43.492324,0
2112001,-8.3319631,-45.885641,0
2112100,-4.1530382,-43.813488,0
2112209,-5.1479562,-42.993267,0
2112233,-4.5420872,-44.675361,0
2112308,-5.610439,-44.730624,0
2112506,-2.9125136,-42.386624,0
2112605,-3.2600447,-43.2808,0
2112704,-3.7109444,-43.853846,0
2112852,-5.2611134,-48.070895,0
2200400,-5.0022518,-42.584886,0
2200459,-8.4694746,-43.993357,0
2200509,-6.4930923,-42.871982,0
2200806,-7.2191338,-44.202892,0
2201101,-10.167366,-43.952705,0
2201150,-8.5057528,-45.16098,0
2201200,-4.1913229,-42.595775,0
2201309,-9.9831352,-45.694006,0
2201705,-7.7379213,-43.906828,0
2201903,-9.2394287,-44.558889,0
2202000,-3.1906166,-41.883934,0
2202174,-3.7921155,-42.596358,0
2202251,-7.5840481,-43.544477,0
2202307,-8.493133,-43.515228,0
2202505,-8.8854725,-43.369984,0
2202653,-3.341523,-41.98985,0
2202752,-8.2000064,-43.620101,0
2202901,-10.391603,-45.139697,0
2203008,-10.741886,-45.113635,0
2203107,-8.7784903,-43.963278,0
2203206,-9.9618109,-44.315224,0
2203230,-8.8224899,-44.673312,0
2203305,-5.3020937,-42.639804,0
2203602,-7.996433,-43.616743,0
2203909,-6.8930276,-43.097728,0
2204402,-9.6218976,-45.40767,0
2204501,-6.8423741,-43.705207,0
2204550,-8.9214864,-43.628356,0
2204659,-2.829287,-41.815964,0
2205102,-7.5424906,-43.351412,0
2205300,-7.0996225,-43.540623,0
2205458,-3.487157,-42.45265,0
2205508,-4.8217941,-42.680859,0
2205524,-10.420464,-44.173885,0
2205532,-8.775832,-43.279499,0
2205557,-4.5081204,-42.621982,0
2205607,-7.2957588,-43.927849,0
2205706,-2.9382373,-41.592071,0
2205805,-3.6319697,-42.421397,0
2205854,-3.5848311,-42.553284,0
2205904,-8.2291876,-44.049827,0
2206001,-7.0763319,-43.894554,0
2206100,-3.7096964,-42.590717,0
2206209,-4.2812412,-42.784832,0
2206605,-9.6042455,-45.030366,0
2206654,-9.8832338,-43.942399,0
2206696,-3.2906598,-42.026083,0
2206720,-5.5216651,-42.985756,1
2207405,-8.5567377,-44.464622,0
2207504,-5.9936665,-43.038733,0
2207603,-10.315691,-44.568454,0
2207702,-2.8814471,-41.745017,0
2207793,-5.2468205,-42.591152,0
2207850,-7.9549632,-43.449579,0
2208502,-3.8600402,-42.697427,0
2208551,-6.9563712,-44.057378,0
2208700,-9.5242597,-44.454751,0
2208858,-9.9302107,-44.812691,0
2208908,-7.9735726,-45.344859,0
2209203,-8.9908289,-45.67534,0
2209302,-9.0450465,-44.105866,0
2209757,-10.088241,-45.321597,0
2209971,-3.8014541,-42.488309,0
2210623,-10.654342,-44.833361,0
2210631,-7.7608443,-44.11254,0
2211001,-5.0463765,-42.732365,0
2211100,-4.5947365,-42.795362,0
2211209,-7.7918933,-44.569572,0
2901403,-11.996639,-44.647724,0
2902500,-12.657125,-44.44023,0
2902708,-11.224285,-43.48507,0
2903201,-12.009956,-45.520009,0
2903904,-13.271963,-43.434827,0
2904407,-12.499374,-43.824764,0
2904753,-10.584385,-43.673865,0
2906105,-13.096592,-44.20356,0
2907103,-14.020929,-43.848505,0
2907400,-12.273133,-44.701646,0
2908101,-14.496925,-45.219943,0
2909109,-13.814776,-44.37623,0
2909307,-13.467029,-45.394992,0
2909406,-11.711115,-44.327996,0
2909703,-12.193995,-44.258845,0
2910776,-14.13174,-44.232219,0
2911105,-11.016713,-45.755647,0
2913200,-11.991092,-43.284914,0
2917334,-14.466472,-43.543207,0
2917359,-14.033045,-45.442113,0
2919405,-14.588468,-42.582424,0
2919553,-12.193658,-45.989709,0
2920205,-14.216447,-43.645643,0
2920452,-11.128067,-44.108375,0
2921609,-11.523766,-43.27095,0
2922250,-12.211864,-43.498618,0
2923407,-14.180615,-43.369845,0
2923704,-12.553034,-43.199817,0
2924405,-10.095625,-43.497612,0
2924504,-14.54053,-42.626925,0
2926202,-11.623038,-45.217792,0
2926400,-13.896193,-43.40416,1
2928109,-13.21835,-44.379979,0
2928208,-13.065657,-43.942383,0
2928406,-11.007987,-44.555833,0
2928901,-12.804393,-45.490189,0
2929057,-13.551946,-44.029673,0
2930006,-14.578822,-43.233531,0
2930154,-13.484295,-43.676195,0
2930303,-12.806269,-43.797591,0
2930758,-12.855222,-43.474997,0
2930907,-12.479855,-44.155648,0
2932606,-14.746559,-42.662304,0
2933455,-11.808922,-43.906735,0
2933604,-11.010168,-43.000922,0
3100104,-18.353781,-47.457104,0
3100203,-19.102749,-45.358675,0
3100708,-20.005459,-48.084198,0
3100807,-20.964482,-45.475981,0
3101904,-20.805813,-46.374629,0
3102852,-17.681773,-42.306195,0
3103207,-19.234842,-44.218444,0
3103504,-18.564245,-48.149323,0
3103801,-19.041452,-46.11529,0
3103900,-19.886413,-45.180967,0
3104007,-19.636397,-46.972146,0
3104106,-21.358328,-46.967831,0
3104205,-20.250864,-45.586456,0
3104502,-15.750686,-45.988575,0
3104809,-18.10884,-44.198057,0
3105004,-19.262936,-43.863416,0
3105103,-20.110955,-45.998876,0
3105400,-19.799108,-43.465644,0
3106200,-19.825517,-43.952526,0
3106507,-16.862376,-42.494289,0
3106705,-19.870049,-44.207028,0
3107000,-18.757144,-45.539513,0
3107109,-21.023176,-45.627177,0
3107307,-17.287239,-43.687383,0
3107406,-19.684519,-45.286115,0
3107703,-19.717577,-43.468777,0
3108206,-16.486352,-46.190389,0
3108255,-14.994423,-44.897572,0
3108503,-16.937849,-43.005639,0
3108552,-16.956983,-45.902478,0
3108602,-16.242706,-44.439121,0
3109204,-17.88052,-44.04138,0
3109303,-15.453172,-46.604368,0
3109402,-17.286053,-45.19181,0
3109451,-16.076374,-47.123718,0
3109600,-19.516979,-44.472008,0
3109808,-18.629574,-49.510206,0
3109907,-19.342511,-44.403441,0
3110004,-19.791765,-43.61554,0
3111101,-19.468414,-49.826318,0
3111150,-16.508751,-44.763321,0
3111309,-21.089475,-45.740344,0
3111408,-19.713413,-48.647837,0
3111507,-19.604858,-46.197051,0
3111606,-21.17767,-45.677424,0
3111804,-18.785641,-49.201576,0
3112000,-20.722259,-45.374324,0
3112307,-17.629667,-42.463412,0
3112406,-20.652966,-47.040774,0
3112505,-19.570064,-44.167699,0
3112604,-18.707744,-49.583362,0
3112703,-16.136242,-43.66466,0
3112802,-20.612657,-46.144192,0
3113503,-17.49413,-43.057712,0
3114006,-20.493868,-44.964468,0
3114204,-20.190423,-44.712989,0
3114303,-18.907661,-46.185185,0
3114402,-20.909105,-46.061036,0
3114550,-19.679224,-50.733872,0
3115003,-18.588991,-47.88003,0
3115102,-20.507396,-46.937634,0
3115474,-15.35969,-42.966003,0
3115607,-19.120895,-45.698626,0
3115805,-18.68548,-49.105766,0
3116100,-17.093517,-42.501989,0
3116159,-15.46938,-45.458571,0
3116407,-20.369379,-47.239497,0
3116506,-17.068713,-44.228127,0
3116605,-20.347814,-44.803084,0
3116902,-19.672183,-49.070931,0
3117306,-19.959758,-48.361478,0
3117504,-18.912795,-43.649225,0
3117603,-19.787539,-44.872857,0
3117836,-14.978352,-44.601575,0
3117876,-19.642127,-43.97496,0
3118106,-18.894363,-43.711887,0
3118205,-19.883578,-47.62389,0
3118601,-19.848179,-44.097632,0
3118700,-21.12173,-45.393001,0
3118809,-16.613171,-44.37875,0
3118908,-19.092099,-44.205018,0
3119104,-18.335491,-44.617524,0
3119302,-18.413108,-47.136817,0
3119500,-16.658354,-42.228562,0
3119807,-19.781585,-45.982882,0
3119955,-20.45082,-45.532129,0
3120102,-18.076445,-43.445182,0
3120201,-20.809853,-45.562012,0
3120300,-16.718635,-42.821016,0
3120706,-18.972299,-46.676079,0
3120870,-15.891266,-41.841107,0
3120904,-18.819908,-44.447885,0
3121001,-18.444093,-43.644953,0
3121209,-20.356718,-46.772782,0
3121258,-19.936103,-47.809689,0
3121605,-17.993495,-43.610844,0
3122306,-20.128264,-44.908895,0
3122470,-16.740318,-46.28992,0
3123205,-19.489653,-45.547328,0
3123403,-20.291679,-45.88705,0
3123502,-18.437752,-47.595687,0
3123809,-17.296491,-44.014039,0
3124104,-19.729365,-44.307158,0
3124302,-14.92463,-42.87023,0
3124708,-19.591878,-45.808317,0
3124807,-18.715594,-47.726323,0
3125408,-18.117118,-43.249845,0
3125507,-18.076345,-43.358503,0
3125705,-18.703089,-44.958192,0
3126000,-19.843812,-44.429624,0
3126109,-20.597135,-45.593113,0
3126208,-15.1297,-46.158482,0
3126307,-20.894198,-46.861443,0
3126406,-19.55758,-44.504241,0
3126505,-17.007503,-42.349285,0
3126604,-17.469808,-44.26986,0
3126703,-16.3937,-43.478962,0
3127008,-20.228893,-49.161469,0
3127073,-16.126265,-42.524335,0
3127107,-20.035745,-49.000187,0
3127206,-19.361051,-44.074104,0
3127339,-14.921354,-43.308715,0
3127354,-16.903863,-43.639275,0
3127602,-18.522826,-43.835276,0
3127800,-16.463903,-42.994004,0
3127909,-18.49358,-47.75591,0
3128105,-20.764259,-45.920981,0
3128253,-17.078522,-43.620615,0
3128600,-17.731923,-47.126278,0
3128907,-18.816045,-46.752936,0
3129103,-19.124452,-49.867803,0
3129509,-19.557869,-46.595757,0
3129608,-16.82878,-44.790245,0
3129657,-15.696794,-44.144909,0
3129707,-20.393292,-47.111623,0
3130051,-16.225127,-44.916393,0
3130200,-19.956395,-44.726613,0
3130309,-20.156187,-45.752726,0
3130507,-20.931457,-45.801642,0
3130655,-15.592255,-42.185089,0
3130705,-18.958711,-47.83006,0
3131000,-19.497944,-44.409129,0
3131109,-18.730259,-44.291918,0
3131604,-19.043933,-47.457509,0
3131703,-19.560917,-43.436446,0
3132008,-16.935006,-43.328817,0
3132107,-15.186636,-44.132261,0
3132206,-20.331977,-44.641802,0
3132503,-17.782216,-42.90061,0
3132800,-19.381146,-43.411623,0
3132909,-21.074235,-47.050138,0
3133402,-19.744641,-49.363464,0
3133501,-20.400337,-44.972341,0
3133758,-20.681464,-46.783298,0
3133808,-20.06544,-44.648875,0
3134202,-19.029166,-49.529763,0
3134400,-19.651192,-50.390631,0
3134608,-19.440758,-43.718162,0
3134806,-21.038391,-46.826578,0
3135050,-15.271149,-43.794163,0
3135100,-15.841562,-43.412354,0
3135209,-15.312811,-44.888578,0
3135308,-20.130765,-45.531209,0
3135357,-15.944491,-44.329261,0
3135456,-17.122085,-42.312345,0
3135605,-17.2099,-44.475838,0
3135704,-19.21158,-44.001193,0
3136306,-17.604943,-45.934259,0
3136405,-17.676046,-44.111582,0
3136520,-16.900187,-42.656135,0
3136579,-16.541651,-42.550697,0
3136603,-19.635339,-43.57204,0
3136801,-16.840117,-43.564489,0
3136959,-14.386505,-44.083469,0
3137106,-18.103542,-46.734622,0
3137205,-20.009891,-45.494985,0
3137304,-17.007815,-44.646363,0
3137502,-18.769534,-46.336777,0
3137536,-17.76637,-46.501607,1
3137601,-19.628407,-43.885812,0
3138104,-17.880815,-44.695552,0
3138302,-19.688086,-45.045176,0
3138351,-17.069809,-42.744549,0
3138625,-19.491047,-50.53807,0
3138658,-15.856342,-44.269602,0
3138682,-16.19627,-44.596487,0
3138807,-19.827341,-45.678819,0
3139250,-15.010304,-42.952931,0
3139300,-14.63244,-44.157572,0
3139706,-19.493915,-44.665516,0
3140506,-19.412279,-45.190479,0
3140852,-14.852988,-43.734197,0
3141009,-15.426075,-42.856807,0
3141108,-19.523758,-44.051431,0
3141207,-19.193623,-45.995538,0
3141306,-19.989152,-46.339726,0
3141801,-17.355789,-42.476673,0
3142007,-16.259396,-44.157699,0
3142254,-14.752964,-44.4216,0
3142403,-19.841236,-45.407204,0
3142502,-18.387917,-44.02312,0
3142700,-14.47319,-44.501538,0
3142809,-18.852668,-48.863572,0
3142908,-15.192247,-42.86848,0
3143104,-18.709932,-47.4602,0
3143203,-21.185643,-46.964476,0
3143302,-16.619055,-43.929469,0
3143450,-15.207657,-42.550149,0
3143500,-18.578214,-45.402514,0
3143609,-18.629994,-44.633147,0
3143708,-19.24931,-43.419523,0
3144375,-16.545175,-46.474758,0
3144607,-21.126197,-45.336124,0
3145000,-19.261203,-47.706874,0
3145059,-15.772784,-43.279718,0
3145208,-19.852343,-44.973955,0
3145372,-16.000389,-42.456977,0
3145455,-17.478035,-43.594915,0
3145802,-19.676814,-44.77933,0
3146255,-16.301247,-42.586291,0
3146404,-18.918839,-45.491035,0
3146503,-20.381545,-45.693917,0
3146552,-15.530795,-43.021253,0
3146909,-19.376478,-44.691332,0
3147006,-17.173152,-46.8842,0
3147105,-19.796398,-44.568431,0
3147402,-19.272196,-44.452664,0
3147907,-20.671031,-46.625586,0
3147956,-16.080637,-44.101417,0
3148004,-18.597008,-46.507718,0
3148103,-18.970516,-47.051255,0
3149150,-15.644089,-44.328987,0
3149200,-19.192253,-47.510277,0
3149309,-19.639889,-44.052793,0
3149606,-19.585408,-44.622637,0
3149705,-19.94024,-45.057902,0
3149804,-19.400151,-47.195992,0
3150505,-20.530492,-45.83131,0
3150570,-16.049381,-45.247247,0
3150703,-19.940254,-48.65776,0
3151206,-17.393347,-44.867447,0
3151404,-19.555337,-44.885636,0
3151503,-20.441441,-46.050404,0
3151602,-20.081251,-48.646264,0
3152006,-19.131142,-44.923585,0
3152131,-16.608805,-44.973616,0
3152204,-15.742225,-43.004406,0
3152808,-19.33075,-48.953652,0
3152907,-20.812741,-46.919124,0
3153004,-19.759764,-46.40257,0
3153202,-18.726055,-44.083259,0
3153400,-18.239189,-46.33619,0
3153608,-19.464455,-44.111442,0
3153707,-19.279769,-45.603073,0
3154457,-16.276691,-45.927943,0
3154507,-16.057182,-42.992064,0
3154606,-19.779563,-44.072029,0
3155504,-19.240005,-46.29892,0
3155603,-15.715885,-42.498419,0
3156007,-18.194006,-43.240289,0
3156403,-18.903532,-47.562557,0
3156502,-16.385127,-42.41324,0
3156700,-19.786619,-43.743962,0
3156908,-19.904488,-47.266379,0
3157005,-15.97485,-42.047519,0
3157377,-15.958646,-41.88861,0
3157609,-16.70147,-45.557072,0
3157708,-19.380275,-47.509102,0
3157807,-19.74275,-43.837504,0
3158508,-18.915768,-43.901122,0
3159001,-19.188681,-43.644675,0
3159704,-19.562044,-45.999768,0
3159803,-19.032778,-50.204241,0
3160405,-19.99936,-45.308537,0
3160454,-15.315437,-42.648168,0
3160603,-18.390204,-44.172391,0
3161106,-15.896469,-44.861289,0
3161304,-19.742382,-49.83728,0
3161700,-18.176725,-45.545918,0
3161809,-19.983872,-44.828438,0
3161908,-19.704527,-43.378438,0
3162104,-19.35992,-45.999484,0
3162203,-20.577155,-46.438626,0
3162252,-16.859783,-44.334765,0
3162401,-15.906407,-43.90374,0
3162450,-14.887794,-44.239361,0
3162658,-16.55532,-44.524365,0
3162948,-20.749233,-46.244878,0
3162955,-19.696891,-43.990399,0
3163102,-19.67972,-44.54359,0
3164209,-16.389449,-45.4063,0
3164308,-20.18704,-46.513549,0
3164605,-20.269724,-44.991835,0
3164704,-20.922269,-47.008656,0
3164803,-19.325022,-43.315335,0
3165107,-20.786166,-47.127225,0
3165909,-17.842562,-43.252219,0
3166600,-19.385547,-45.777247,0
3166808,-19.159141,-46.654527,0
3166956,-15.860245,-42.864327,0
3167103,-18.365368,-43.456683,0
3167202,-19.437172,-44.253469,0
3168002,-15.837024,-42.031945,0
3168101,-19.915843,-46.868282,0
3168200,-19.876199,-46.16068,0
3168309,-19.634011,-43.685621,0
3168903,-18.860057,-45.824077,0
3169356,-18.297841,-45.069157,0
3169604,-18.624105,-48.719104,0
3169703,-17.244466,-42.839942,0
3170008,-16.364026,-44.847682,0
3170107,-19.580931,-47.977162,0
3170206,-19.033863,-48.330416,0
3170404,-16.375835,-46.819723,0
3170438,-19.408441,-50.342946,0
3170479,-16.092587,-46.319614,0
3170529,-16.028639,-45.572879,0
3170602,-20.431277,-46.336151,0
3170651,-15.392346,-42.296776,0
3170750,-18.466554,-45.935192,0
3170800,-17.49574,-44.727269,0
3170909,-15.64077,-43.97625,0
3171006,-17.869152,-46.867624,0
3171030,-15.53731,-43.57533,0
3171071,-17.483028,-42.730072,0
3171105,-19.602467,-48.340915,0
3171204,-19.730967,-43.944853,0
3171600,-16.668665,-42.380854,0
3500303,-22.051274,-47.030214,0
3500550,-22.855332,-49.260448,0
3500600,-22.59865,-47.87609,0
3500709,-22.571934,-49.108768,0
3500758,-23.550917,-47.931949,0
3500907,-20.553486,-49.103783,0
3501004,-21.018047,-47.386248,0
3501202,-20.306847,-49.903456,0
3501509,-22.508077,-49.795427,0
3501608,-22.718794,-47.282514,0
3501707,-21.722338,-48.032287,0
3501806,-20.289386,-49.768018,0
3502002,-22.121085,-47.677955,0
3502200,-23.398846,-48.487084,0
3502309,-22.79482,-48.174049,0
3502705,-24.251558,-49.104631,0
3503000,-20.145046,-47.820644,0
3503109,-23.177697,-49.064033,0
3503208,-21.79165,-48.181322,0
3503307,-22.309506,-47.243018,0
3503406,-22.100919,-49.016596,0
3503604,-22.686168,-48.666505,0
3503802,-22.561198,-47.132153,0
3504008,-22.600712,-50.420687,0
3504305,-22.173826,-49.307741,0
3504503,-23.07519,-48.894015,0
3504800,-20.686054,-49.540409,0
3505203,-22.021873,-48.656554,0
3505302,-22.512713,-48.488633,0
3505500,-20.495003,-48.606944,0
3505609,-21.232548,-48.095055,0
3505906,-20.867799,-47.574774,0
3506003,-22.251517,-49.120632,0
3506102,-20.910154,-48.485204,0
3506706,-21.935012,-48.463592,0
3506805,-22.100206,-48.52327,0
3506904,-23.161035,-48.309622,0
3507159,-24.312045,-49.192428,0
3507407,-21.607815,-49.046148,0
3507456,-22.680667,-48.99232,0
3507506,-22.859046,-48.47049,0
3507803,-21.049535,-47.627772,0
3507902,-22.273291,-48.081225,0
3508009,-23.737726,-48.616703,0
3508207,-20.209318,-47.692934,0
3508306,-22.497997,-49.376946,0
3509403,-21.233453,-47.327834,0
3509452,-23.593972,-48.44752,0
3509502,-22.765747,-47.080167,0
3509809,-22.606692,-50.010175,0
3510005,-22.699831,-50.338957,0
3510104,-21.370319,-48.657868,0
3510203,-23.921396,-48.435983,0
3510708,-20.1608,-49.858979,0
3510807,-21.806343,-47.079679,0
3510906,-21.228064,-47.120386,0
3511300,-20.838849,-49.156884,0
3511409,-23.059342,-49.14382,0
3511706,-22.53042,-47.764381,0
3512001,-20.739624,-48.568232,0
3512100,-20.266874,-48.721744,0
3512209,-22.36861,-47.140657,0
3512308,-22.897191,-48.070969,0
3512407,-22.482854,-47.345384,0
3512605,-23.688532,-49.221241,0
3512704,-22.242463,-47.635538,0
3512803,-22.651639,-47.186364,0
3512902,-20.442529,-49.774622,0
3513108,-21.339654,-47.744577,0
3513207,-20.371323,-47.400909,0
3513702,-21.881545,-47.655656,0
3514007,-21.516123,-48.357324,0
3514106,-22.402421,-48.330247,0
3514304,-22.117294,-48.333525,0
3514502,-22.44017,-49.473573,0
3514601,-21.247091,-47.979809,0
3514700,-22.485612,-50.215702,0
3515152,-22.489313,-47.17335,0
3515186,-22.184094,-46.828647,0
3515194,-22.670894,-49.432948,0
3515509,-20.457552,-50.314548,0
3515608,-21.378195,-48.717067,0
3515657,-22.366701,-49.503504,0
3515905,-20.520056,-50.128196,0
3516200,-20.555224,-47.381112,0
3516853,-21.791604,-48.44793,0
3516903,-20.603316,-50.314168,0
3517406,-20.314037,-48.364137,0
3517505,-20.715424,-49.148419,0
3517703,-20.482583,-47.775247,0
3517901,-20.31755,-48.989106,0
3518503,-23.345052,-48.326697,0
3518602,-21.395944,-48.226558,0
3518859,-21.453292,-47.979908,0
3519055,-22.630296,-47.065031,0
3519105,-21.959672,-49.061065,0
3519253,-22.81914,-49.106836,0
3519303,-21.950905,-48.027285,0
3519501,-22.705487,-50.088273,0
3519600,-21.784141,-48.830216,0
3519808,-20.367221,-49.196943,0
3519907,-22.529566,-51.076681,0
3520004,-22.547028,-48.522698,0
3520103,-20.063688,-47.682445,0
3520608,-22.184315,-51.239363,0
3521101,-22.413078,-47.724629,0
3521150,-20.647987,-49.40353,0
3521309,-20.417483,-48.06649,0
3521408,-22.649763,-47.490935,0
3521705,-23.87302,-49.13553,0
3521804,-23.46932,-49.053631,0
3521903,-21.380729,-48.993785,0
3522000,-21.932209,-48.758152,0
3522307,-23.583654,-48.112211,0
3522406,-23.889446,-48.933988,0
3522604,-22.416113,-46.815471,0
3522703,-21.548104,-48.815474,0
3522802,-23.703357,-49.316927,0
3523206,-24.080515,-49.303548,0
3523503,-23.156269,-48.649717,0
3523602,-22.294603,-47.834065,0
3523701,-20.657563,-47.169403,0
3523800,-21.752781,-46.93933,0
3524105,-20.329529,-47.809598,0
3524204,-20.649993,-48.415959,0
3524303,-21.218336,-48.287936,0
3524709,-22.684708,-47.04707,0
3525102,-20.992054,-47.826031,0
3525300,-22.215916,-48.45228,0
3525409,-20.340137,-47.574193,0
3525607,-22.388642,-50.848917,0
3526704,-22.167745,-47.304171,0
3526803,-22.679287,-48.831023,0
3526902,-22.598196,-47.350084,0
3527504,-22.483967,-49.532396,0
3527603,-21.552665,-47.781886,0
3527801,-22.509653,-49.848916,0
3527900,-22.402827,-50.377799,0
3528007,-22.516792,-48.773631,0
3528304,-20.560031,-50.240476,0
3528601,-23.062279,-49.250989,0
3528809,-22.59412,-50.630005,0
3529005,-22.457236,-50.056897,0
3529203,-22.281316,-51.140249,0
3529302,-21.610546,-48.429382,0
3529609,-20.417521,-50.183032,0
3529708,-20.184703,-48.105485,0
3529807,-22.481353,-48.42372,0
3530300,-20.736388,-49.470927,0
3530409,-20.595005,-49.487006,0
3530508,-21.457984,-47.059798,0
3530706,-22.232094,-47.028967,0
3530805,-22.448453,-46.991038,0
3531308,-21.272891,-48.503526,0
3531407,-20.66689,-49.74225,0
3531506,-20.866736,-48.613303,0
3531902,-20.688724,-48.153327,0
3532058,-21.513807,-48.170321,0
3532157,-22.532482,-51.163164,0
3532603,-20.59505,-50.036023,0
3532827,-24.163417,-49.002285,0
3532900,-21.774336,-48.549671,0
3533007,-20.509051,-49.357219,0
3533403,-22.762932,-47.246515,0
3533502,-21.4522,-49.086588,0
3533601,-20.704857,-47.729069,0
3533700,-22.488309,-49.965059,0
3533809,-22.895248,-49.336925,0
3533908,-20.690722,-49.052284,0
3534005,-20.615227,-49.241577,0
3534203,-20.185142,-49.297965,0
3534302,-20.697874,-47.905833,0
3534500,-22.363272,-50.309562,0
3535002,-20.343244,-49.510874,0
3535309,-22.701715,-50.217515,0
3535507,-22.470003,-50.62439,0
3535804,-23.439873,-48.799468,0
3536109,-23.045326,-48.406455,0
3536257,-20.333415,-50.012295,0
3536307,-20.704206,-47.289415,0
3536505,-22.743544,-47.143227,0
3536570,-22.568388,-49.305567,0
3536604,-20.052471,-49.314982,0
3536703,-22.300594,-48.891241,0
3537008,-20.205585,-47.439062,0
3538105,-21.258042,-48.924516,0
3538709,-22.751728,-47.880859,0
3538808,-23.227609,-49.249027,0
3538907,-22.013057,-49.2681,0
3539301,-22.015144,-47.511174,0
3539400,-22.432779,-49.173461,0
3539509,-21.006222,-48.249359,0
3539707,-22.625178,-50.212776,0
3540200,-20.984579,-48.064421,0
3540309,-20.199845,-49.77338,0
3540705,-21.854129,-47.528481,0
3540903,-21.344441,-48.086057,0
3541059,-22.818532,-48.6969,0
3541109,-22.061677,-49.313892,0
3541703,-22.407064,-50.749839,0
3542206,-22.393158,-50.974995,0
3542404,-22.275073,-51.272808,0
3542503,-22.007641,-49.180949,0
3542701,-20.648234,-47.505928,0
3542909,-22.060116,-48.185329,0
3543105,-20.448928,-47.573325,0
3543204,-22.730714,-49.91378,0
3543402,-21.210843,-47.821303,0
3543501,-23.891202,-49.447642,0
3543600,-20.0608,-47.440891,0
3543709,-21.593879,-48.032031,0
3543907,-22.338373,-47.662637,0
3544004,-22.829767,-47.661862,0
3544905,-20.831525,-47.854604,0
3545159,-22.839848,-47.703453,0
3545605,-21.348678,-48.844473,0
3545803,-22.713308,-47.381228,0
3546207,-22.125425,-47.496074,0
3546256,-21.274782,-47.439801,0
3546306,-21.941748,-47.174535,0
3546405,-22.691234,-49.490252,0
3546504,-21.452546,-48.366819,0
3546900,-21.670818,-48.057403,0
3547007,-22.564568,-48.154257,0
3547502,-21.652108,-47.548754,0
3547601,-21.504072,-47.366777,0
3547908,-21.092203,-47.195615,0
3548005,-22.588596,-46.990452,0
3548906,-21.918887,-47.867178,0
3549102,-21.982386,-46.849312,0
3549250,-20.529071,-50.317689,0
3549409,-20.550516,-47.938549,0
3549508,-20.58753,-47.627174,0
3549706,-21.642039,-46.962641,0
3549805,-20.7525,-49.393632,0
3550100,-22.691221,-48.532787,0
3550407,-22.558186,-47.924681,1
3550506,-22.652489,-49.771344,0
3550902,-21.461521,-47.568273,0
3551108,-23.616757,-47.912923,0
3551306,-20.62218,-49.91575,0
3551405,-21.316059,-47.549694,0
3551504,-21.216919,-47.612337,0
3551702,-21.122917,-48.0089,0
3552601,-20.830053,-49.078876,0
3552700,-21.712522,-48.62906,0
3552908,-22.420812,-51.27698,0
3553104,-21.174446,-48.483307,0
3553203,-21.13639,-48.419248,0
3553302,-21.601874,-47.260113,0
3553401,-20.531235,-49.646474,0
3553658,-21.069268,-48.39943,0
3553708,-21.423357,-48.527931,0
3553807,-23.547511,-49.190628,0
3553856,-23.885623,-48.72758,0
3553955,-22.700462,-50.543984,0
3554201,-23.342271,-49.245341,0
3554409,-20.778767,-48.345776,0
3554706,-22.444588,-48.164437,0
3554755,-22.032292,-48.345151,0
3555505,-22.561627,-49.666582,0
3555604,-20.844274,-49.12053,0
3556107,-20.42611,-50.103663,0
3556404,-21.878174,-46.928087,0
3556800,-20.884382,-48.309864,0
3557105,-20.460291,-49.988098,0
3557303,-22.236074,-46.943078,0
4101606,-24.18685,-49.979981,0
4104907,-24.607366,-50.147401,0
4112009,-24.286642,-49.784843,0
4119400,-24.387991,-50.048715,0
4125407,-23.962505,-49.631511,0
4126306,-24.184228,-49.463107,0
4127106,-24.363204,-50.369032,0
4127502,-24.523185,-50.287727,0
4128534,-24.308277,-50.230629,0
5000203,-19.961526,-52.926881,0
5000252,-18.209174,-53.749249,0
5000708,-20.70726,-55.761335,0
5000807,-21.984206,-52.868701,0
5000856,-21.935398,-53.815652,0
5000906,-22.205546,-55.968969,0
5001003,-20.061,-51.366836,0
5001102,-20.15035,-55.607914,0
5001243,-22.723343,-55.487912,0
5001508,-19.80517,-54.28511,0
5001904,-21.784051,-52.682476,0
5002001,-22.098739,-53.171611,0
5002100,-21.936565,-56.536754,0
5002159,-20.557901,-56.697449,0
5002209,-21.007817,-56.460249,0
5002308,-21.03329,-52.497229,0
5002407,-22.402718,-54.813366,0
5002605,-19.341408,-53.869266,0
5002704,-20.913169,-54.249689,0
5002803,-21.940525,-57.089271,0
5002902,-19.094543,-52.180236,0
5002951,-18.994229,-52.698222,0
5003108,-19.807085,-55.057248,0
5003207,-20.066564,-57.178937,0
5003256,-18.519344,-53.203013,0
5003306,-18.328793,-54.565213,0
5003488,-20.615052,-55.365409,0
5003504,-21.926565,-54.614661,0
5003702,-22.123107,-55.167854,0
5003900,-18.744411,-53.862822,1
5004106,-21.538489,-55.996427,0
5004403,-19.656969,-52.021693,0
5004502,-21.959647,-54.904119,0
5004908,-20.227365,-54.347832,0
5005004,-21.582678,-56.353976,0
5005400,-21.547737,-55.401895,0
5005608,-20.210244,-56.580347,0
5005806,-21.10111,-55.89984,0
5006002,-21.487668,-54.218001,0
5006200,-21.834688,-53.408409,0
5006309,-19.518033,-51.423381,0
5006408,-17.908178,-54.336646,0
5006606,-22.15336,-55.626777,0
5006903,-21.233364,-57.224562,0
5007109,-20.596272,-53.544035,0
5007208,-21.621411,-54.726881,0
5007307,-19.447973,-54.958529,0
5007406,-18.835834,-54.881074,0
5007505,-19.95176,-54.705662,0
5007554,-21.302945,-52.805283,0
5007695,-19.169232,-54.48383,0
5007802,-20.266478,-51.788332,0
5007901,-21.093633,-54.942494,0
5007935,-17.634497,-54.367449,0
5008008,-20.446933,-55.0248,0
5008305,-20.390629,-52.262322,0
5100102,-15.177578,-56.317763,0
5100201,-13.978275,-52.500635,0
5100300,-17.443552,-53.468375,0
5100359,-11.779718,-51.506877,0
5100409,-16.879031,-53.582934,0
5100508,-14.727368,-56.620482,0
5100607,-17.826501,-53.299819,0
5101001,-15.126945,-51.804748,0
5101209,-16.748315,-53.120854,0
5101258,-15.054643,-58.628464,0
5101308,-14.622844,-56.730346,0
5101704,-15.011653,-57.745218,0
5101803,-15.361659,-52.497603,0
5101852,-12.289932,-51.497499,0
5101902,-12.655195,-58.124663,0
5102504,-15.978123,-57.345606,0
5102603,-14.374118,-53.128882,0
5102637,-13.685763,-57.93371,0
5102678,-15.348277,-54.961149,0
5102686,-13.579357,-59.191383,0
5102694,-11.090364,-51.650285,0
5102702,-13.538877,-52.29488,0
5103007,-15.123257,-55.546345,0
5103106,-13.869183,-51.147553,0
5103304,-12.880373,-59.500322,0
5103353,-10.273819,-51.278892,0
5103361,-14.546446,-59.201825,0
5103403,-15.439218,-55.950006,0
5103452,-14.813257,-56.915732,0
5103502,-14.095367,-56.717463,0
5103601,-15.657983,-54.772382,0
5103700,-12.58802,-54.745219,0
5103858,-13.599715,-53.498293,0
5103908,-15.558683,-53.393117,0
5104203,-16.383723,-53.589465,0
5104526,-12.22357,-56.121271,1
5104609,-17.318186,-54.428588,0
5104807,-15.906552,-55.111868,0
5104906,-15.330507,-56.54996,0
5105002,-15.043256,-58.805445,0
5105150,-11.870026,-59.22913,0
5105200,-16.18326,-54.906836,0
5105259,-13.041469,-56.140173,0
5105309,-11.014145,-50.942993,0
5105903,-14.379754,-55.811108,0
5106000,-14.396505,-56.63407,0
5106109,-15.696211,-56.674884,0
5106174,-14.155845,-51.889405,0
5106182,-14.25243,-59.458369,0
5106208,-14.787158,-55.048682,0
5106224,-13.682125,-56.058893,0
5106240,-13.28345,-54.93043,0
5106257,-14.599106,-52.408176,0
5106281,-15.078922,-53.241023,0
5106307,-14.065672,-54.119122,0
5106315,-12.314956,-50.888078,0
5106372,-16.799885,-54.256488,1
5106455,-14.590707,-54.672325,0
5106505,-15.992642,-56.796649,0
5106653,-15.931975,-52.720115,0
5106703,-16.65986,-52.933017,0
5106752,-14.816912,-59.100485,0
5106778,-10.885826,-51.461477,0
5106851,-15.545947,-57.224496,0
5107008,-15.852275,-54.184603,0
5107040,-15.097396,-54.220516,0
5107156,-14.900243,-58.477443,0
5107180,-12.904595,-51.430333,0
5107198,-16.493936,-52.760219,0
5107297,-16.462772,-54.274645,0
5107305,-13.624654,-56.799865,0
5107404,-15.954549,-54.738609,0
5107602,-16.520311,-54.668466,0
5107701,-14.772746,-55.942185,0
5107750,-14.894939,-58.275437,0
5107768,-13.832764,-55.294563,0
5107776,-10.476992,-50.865201,0
5107792,-14.81919,-53.671005,0
5107800,-16.229697,-55.367722,0
5107859,-11.593177,-51.07706,0
5107875,-13.154369,-58.652348,0
5107883,-12.022951,-51.357958,0
5107925,-12.917112,-55.659612,0
5107958,-14.359789,-58.53821,0
5108006,-12.60889,-56.316239,0
5108105,-15.908008,-53.456001,0
5108204,-16.29454,-52.889712,0
5108352,-14.798231,-58.919737,0
5108402,-15.562119,-56.285348,0
5108501,-12.5354,-55.562946,0
5108600,-10.199714,-51.100427,0
5108907,-13.449921,-57.401026,0
5200050,-16.785179,-49.454049,0
5200100,-16.18684,-48.713614,0
5200134,-17.452209,-50.326032,0
5200159,-16.369254,-50.184673,0
5200175,-14.906515,-47.795432,1
5200209,-17.927324,-48.812567,0
5200258,-15.755796,-48.287428,0
5200308,-16.089104,-48.482341,0
5200506,-17.693371,-49.465363,0
5200555,-14.171257,-49.429018,0
5200605,-14.182966,-47.535121,1
5200803,-14.566349,-46.631837,1
5200829,-13.842472,-49.615386,0
5200852,-16.261113,-50.001308,0
5200902,-16.626558,-51.107283,0
5201108,-16.290587,-48.973596,0
5201207,-18.305291,-48.219831,0
5201306,-16.398219,-49.967873,0
5201405,-16.809829,-49.262917,0
5201454,-18.216835,-51.263053,0
5201504,-18.768082,-52.045389,0
5201603,-16.365622,-49.701529,0
5201702,-15.970162,-52.146404,0
5201801,-16.951319,-49.419105,0
5202155,-15.13917,-50.43959,0
5202353,-16.353467,-51.584537,0
5202502,-14.805475,-50.937212,0
5202601,-16.694984,-50.525725,0
5202809,-16.494176,-49.766667,0
5203104,-16.360065,-52.438049,0
5203203,-14.907532,-48.881195,0
5203302,-16.957451,-48.911581,0
5203401,-16.168337,-52.072388,0
5203500,-18.184093,-49.912411,0
5203559,-16.601313,-49.011265,0
5203575,-13.571897,-49.863612,0
5203609,-16.387872,-49.378081,0
5203807,-15.237049,-51.208418,0
5203906,-18.067606,-49.058573,0
5203939,-16.169373,-50.452325,0
5203962,-14.406981,-46.296631,1
5204003,-15.759897,-46.992502,0
5204102,-18.477955,-50.994349,0
5204201,-16.720616,-50.699395,0
5204250,-18.464845,-49.554349,0
5204300,-18.609105,-51.239095,0
5204409,-17.007129,-51.81463,0
5204508,-17.705135,-48.646827,0
5204557,-16.742178,-48.97209,0
5204607,-16.787289,-49.699976,0
5204656,-13.884808,-48.568129,1
5204706,-14.045001,-48.975242,1
5204805,-17.551461,-47.768395,0
5204854,-16.285953,-49.103528,0
5204904,-13.000299,-46.514392,1
5204953,-14.199973,-49.660472,0
5205000,-15.425199,-49.743817,0
5205059,-18.157931,-50.346841,0
5205109,-17.920497,-47.659781,0
5205208,-16.454763,-49.583646,0
5205307,-13.635064,-47.696151,1
5205406,-15.276544,-49.637652,0
5205455,-17.086453,-49.756598,0
5205471,-18.464912,-52.633543,0
5205497,-16.124361,-47.819112,0
5205513,-15.655637,-48.602886,0
5205521,-13.984965,-48.075085,1
5205703,-16.366575,-50.579513,0
5205802,-15.930285,-48.679456,0
5205901,-18.056726,-48.449439,0
5206206,-16.698648,-47.517958,0
5206305,-17.213652,-48.707421,0
5206404,-14.639629,-50.065251,0
5206503,-17.241212,-49.357172,0
5206602,-18.311057,-48.121982,0
5206701,-14.556136,-46.19109,1
5206800,-16.256577,-49.333392,0
5206909,-18.117032,-47.565575,0
5207105,-16.223204,-51.34968,0
5207253,-16.804813,-52.493458,0
5207352,-17.421849,-49.741895,0
5207402,-17.476725,-49.964259,0
5207501,-13.813913,-49.086338,0
5207535,-15.435513,-50.370492,0
5207600,-16.152181,-50.855582,0
5207808,-16.640014,-50.312993,0
5207907,-14.651799,-46.904648,1
5208004,-15.307706,-47.247576,0
5208103,-13.723003,-48.867596,0
5208152,-16.403155,-48.674121,0
5208301,-13.264198,-46.518853,1
5208400,-16.514464,-49.068765,0
5208509,-18.12203,-48.138298,0
5208608,-15.275361,-49.167425,0
5208707,-16.643335,-49.274193,0
5208806,-16.500079,-49.429302,0
5208905,-15.846976,-50.24311,0
5209101,-17.987148,-49.671937,0
5209150,-18.360907,-50.058424,0
5209200,-16.911343,-49.572745,0
5209291,-15.672455,-50.050377,0
5209408,-13.890021,-46.431938,1
5209457,-14.699623,-49.730987,0
5209606,-15.74345,-49.78507,0
5209705,-17.011711,-49.266802,0
5209804,-14.739776,-49.363106,0
5209903,-14.090764,-46.754978,1
5209937,-18.4279,-49.935299,0
5209952,-17.18504,-49.968258,0
5210000,-16.307751,-49.516259,0
5210109,-17.505714,-48.054734,0
5210158,-15.169349,-49.670139,0
5210208,-16.415869,-51.180761,0
5210307,-16.357437,-50.880279,0
5210406,-16.080806,-49.823959,0
5210562,-15.938246,-49.626701,0
5210604,-15.772702,-49.612768,0
5210802,-19.075378,-51.356242,1
5210901,-14.942538,-49.647979,0
5211008,-15.702904,-50.77122,0
5211206,-15.547594,-49.950431,0
5211305,-18.825495,-51.357922,0
5211404,-16.195873,-49.609688,0
5211503,-18.364574,-49.475694,0
5211602,-16.675867,-51.034198,0
5211701,-17.091952,-50.182404,0
5211800,-15.702014,-49.387141,0
5211909,-17.90976,-51.731977,0
5212006,-16.190008,-51.05832,0
5212055,-15.965514,-49.411704,0
5212105,-17.795604,-49.61862,0
5212204,-15.582944,-51.329738,0
5212253,-19.183334,-51.284646,0
5212303,-16.569634,-48.890648,0
5212501,-16.481752,-47.992176,0
5212600,-17.29964,-49.458156,0
5212709,-14.412236,-46.068593,1
5212808,-13.996531,-49.396032,1
5212907,-17.956629,-48.682608,0
5212956,-15.377511,-50.774601,0
5213004,-18.036035,-50.363986,0
5213053,-15.01705,-48.308607,1
5213087,-13.498749,-48.348939,1
5213103,-17.631413,-52.76713,0
5213400,-16.507694,-50.771064,0
5213509,-13.294607,-46.923733,1
5213707,-15.914538,-51.579186,0
5213756,-17.317946,-51.190657,0
5213772,-13.146412,-48.731748,1
5213806,-17.765682,-49.138284,0
5213855,-15.311023,-50.011704,0
5213905,-16.162354,-50.158191,0
5214002,-14.842599,-50.587228,0
5214051,-13.798654,-50.203481,0
5214101,-13.719076,-49.303872,0
5214408,-16.584575,-49.849073,0
5214507,-16.426583,-49.186323,0
5214606,-14.498584,-48.401663,1
5214705,-15.045281,-49.934941,0
5214804,-18.085122,-48.29602,0
5214838,-14.133878,-50.561796,0
5214861,-15.077819,-49.508347,0
5214879,-14.311477,-49.288255,1
5214903,-13.800654,-47.010734,1
5215009,-16.358075,-49.309093,0
5215207,-16.054614,-50.646103,0
5215231,-16.124838,-48.075064,0
5215256,-13.251007,-49.728701,0
5215306,-17.00786,-48.195479,0
5215405,-16.255077,-49.220588,0
5215504,-18.216337,-47.753293,0
5215603,-15.361169,-48.305441,0
5215652,-16.704355,-51.44091,0
5215702,-16.809003,-49.945907,0
5215801,-17.306495,-48.396822,0
5215900,-16.819823,-50.195132,0
5216007,-18.204172,-49.396428,0
5216304,-18.777998,-50.748694,0
5216403,-17.047066,-50.63785,0
5216452,-17.494264,-52.224766,0
5216809,-16.111935,-49.316435,0
5216908,-14.58721,-49.521698,0
5217104,-17.331887,-48.993402,0
5217203,-16.414125,-51.84191,0
5217302,-15.810172,-49.011914,0
5217401,-17.272199,-48.38905,0
5217609,-15.283774,-47.75156,0
5217708,-17.531138,-49.538141,0
5218003,-13.292855,-49.231156,0
5218052,-17.901137,-50.148088,0
5218102,-17.35127,-52.704535,0
5218300,-14.23093,-46.442474,1
5218391,-17.273184,-49.246141,0
5218508,-18.376182,-50.648556,0
5218607,-15.340657,-49.532526,0
5218706,-15.47239,-49.44025,0
5218789,-17.82763,-48.78112,0
5218805,-17.739397,-51.038529,0
5218904,-15.181067,-49.876827,0
5219001,-16.282228,-50.372096,0
5219100,-16.596279,-49.679914,0
5219209,-17.360392,-48.593136,0
5219258,-15.66772,-51.171637,0
5219308,-17.801554,-50.578746,0
5219357,-15.25054,-49.390017,0
5219407,-17.244664,-53.069448,0
5219456,-14.87668,-49.056271,0
5219506,-16.062765,-49.486028,0
5219605,-13.572475,-48.982079,1
5219704,-14.3225,-49.67265,0
5219712,-17.525173,-50.630611,0
5219738,-16.476769,-49.294093,0
5219753,-16.085048,-48.283048,0
5219803,-13.536885,-46.486841,0
5219902,-15.951326,-49.255957,0
5220009,-14.485615,-47.422851,1
5220058,-16.818443,-50.372888,0
5220108,-16.454997,-50.374468,0
5220157,-14.916218,-49.276112,0
5220207,-13.14563,-50.249137,0
5220264,-16.989522,-48.667803,0
5220280,-15.366896,-49.827652,0
5220454,-16.705644,-49.10776,0
5220504,-18.224637,-52.21193,0
5220603,-16.606992,-48.55805,0
5220686,-14.432565,-46.582904,1
5220702,-14.751988,-46.270072,1
5221007,-16.046313,-49.59578,0
5221080,-13.682472,-47.237606,1
5221197,-16.442832,-49.074327,0
5221304,-18.323412,-47.788465,0
5221403,-16.638953,-49.545242,0
5221452,-13.421287,-48.754213,1
5221502,-16.576997,-50.131884,0
5221551,-17.754201,-50.312667,0
5221577,-14.149591,-49.966119,0
5221601,-14.419378,-49.090187,0
5221700,-15.578098,-49.643383,0
5221809,-17.435983,-48.196153,0
5221858,-16.084268,-47.988349,0
5221908,-17.078033,-49.611397,0
5222005,-16.812979,-48.441809,0
5222054,-17.724574,-49.872794,0
5222203,-14.993579,-47.062616,1
5222302,-15.269203,-48.814542,0
5300108,-15.780692,-47.797361,0
Grand Total,-15.60460404,-47.79624039,0.028240406